Track,Artist,Couple,Dance Style,Week
"Let's Groove","Earth, Wind & Fire","Harry Shum Jr. & Jenna Johnson","Cha-cha-cha","week_1_birth_year_hits"
"Black Velvet","Alannah Myles","Maura Higgins & Mark Ballas","Foxtrot","week_1_birth_year_hits"
"Since U Been Gone","Kelly Clarkson","Ezra Frech & Daniella Karagach","Tango","week_1_birth_year_hits"
"Call Me","Blondie","Jenna Dewan & Val Chmerkovskiy","Tango","week_1_birth_year_hits"
"Smooth","Santana feat. Rob Thomas","Amber Glenn & Pasha Pashkov","Cha-cha-cha","week_1_birth_year_hits"
"9 to 5","Dolly Parton","Julia Stiles & Ezra Sosa","Quickstep","week_1_birth_year_hits"
"Are You Gonna Go My Way","Lenny Kravitz","Tyler Cameron & Sharna Burgess","Tango","week_1_birth_year_hits"
"I Like It, I Love It","Tim McGraw","Connor Wood & Rylee Arnold","Cha-cha-cha","week_1_birth_year_hits"
"Venus","Shocking Blue","Giada De Laurentiis & Alan Bersten","Tango","week_1_birth_year_hits"
"Tell Her About It","Billy Joel","Taylor Hanson & Britt Stewart","Quickstep","week_1_birth_year_hits"
"Exhale (Shoop Shoop)","Whitney Houston","Ciara Miller & Brandon Armstrong","Foxtrot","week_1_birth_year_hits"
"Wannabe","Spice Girls","Jackson Olson & Emma Slater","Cha-cha-cha","week_1_birth_year_hits"
"Sk8er Boi","Avril Lavigne","Sarah Jane Nader & Hailey Bills","Jive","week_1_birth_year_hits"
"Whoomp! (There It Is)","Tag Team","Conner Leavitt & Adele Zaikman","Salsa","week_1_birth_year_hits"
"Knock on Wood","Amii Stewart","Tatyana Ali & Jan Ravnik","Jive","week_1_birth_year_hits"
"Mr. Big Stuff","Jean Knight","Guillermo Rodriguez & Witney Carson","Cha-cha-cha","week_1_birth_year_hits"
"All the Things She Said","Harrison","Amber Glenn & Pasha Pashkov","Tango","week_2_viral_hits"
"Low","Flo Rida","Ezra Frech & Daniella Karagach","Cha-cha-cha","week_2_viral_hits"
"Animal","Katseye","Jenna Dewan & Val Chmerkovskiy","Jive","week_2_viral_hits"
"September","Earth, Wind & Fire","Maura Higgins & Mark Ballas","Cha-cha-cha","week_2_viral_hits"
"No Broke Boys","Disco Lines & Tinashe","Ciara Miller & Brandon Armstrong","Tango","week_2_viral_hits"
"Iris","Goo Goo Dolls","Harry Shum Jr. & Jenna Johnson","Viennese waltz","week_2_viral_hits"
"That's So True","Gracie Abrams","Jackson Olson & Emma Slater","Foxtrot","week_2_viral_hits"
"What Was I Made For?","Billie Eilish","Tatyana Ali & Jan Ravnik","Foxtrot","week_2_viral_hits"
"The Door","Teddy Swims","Julia Stiles & Ezra Sosa","Tango","week_2_viral_hits"
"Girls","The Kid Laroi","Tyler Cameron & Sharna Burgess","Salsa","week_2_viral_hits"
"12 to 12","Sombr","Connor Wood & Rylee Arnold","Tango","week_2_viral_hits"
"Cake by the Ocean","DNCE","Taylor Hanson & Britt Stewart","Cha-cha-cha","week_2_viral_hits"
"Bella Ciao","Becky G","Giada De Laurentiis & Alan Bersten","Salsa","week_2_viral_hits"
"Where Have You Been","Rihanna","Guillermo Rodriguez & Witney Carson","Paso doble","week_2_viral_hits"
"Africa","Toto","Jenna Dewan & Val Chmerkovskiy","Samba","week_3_yacht_rock"
"Never Too Much","Luther Vandross","Ciara Miller & Brandon Armstrong","Cha-cha-cha","week_3_yacht_rock"
"Still the One","Orleans","Tyler Cameron & Sharna Burgess","Jive","week_3_yacht_rock"
"I Can't Go for That (No Can Do)","Hall & Oates","Julia Stiles & Ezra Sosa","Salsa","week_3_yacht_rock"
"Easy Lover","Phillip Bailey & Phil Collins","Jackson Olson & Emma Slater","Paso doble","week_3_yacht_rock"
"Everywhere","Fleetwood Mac","Connor Wood & Rylee Arnold","Foxtrot","week_3_yacht_rock"
"Just the Two of Us","Grover Washington Jr. feat. Bill Withers","Ezra Frech & Daniella Karagach","Foxtrot","week_3_yacht_rock"
"Maneater","Hall & Oates","Tatyana Ali & Jan Ravnik","Quickstep","week_3_yacht_rock"
"Hold the Line","Toto","Amber Glenn & Pasha Pashkov","Foxtrot","week_3_yacht_rock"
"Escape (The Piña Colada Song)","Rupert Holmes","Guillermo Rodriguez & Witney Carson","Foxtrot","week_3_yacht_rock"
"What a Fool Believes","The Doobie Brothers","Taylor Hanson & Britt Stewart","Foxtrot","week_3_yacht_rock"
"You Make My Dreams (Come True)","Hall & Oates","Harry Shum Jr. & Jenna Johnson","Jive","week_3_yacht_rock"
"Turn Your Love Around","George Benson","Maura Higgins & Mark Ballas","Quickstep","week_3_yacht_rock"
