Track,Artist,Couple,Dance Style
"Let's Groove","Earth, Wind & Fire","Harry Shum Jr. & Jenna Johnson","Cha-cha-cha"
"Black Velvet","Alannah Myles","Maura Higgins & Mark Ballas","Foxtrot"
"Since U Been Gone","Kelly Clarkson","Ezra Frech & Daniella Karagach","Tango"
"Call Me","Blondie","Jenna Dewan & Val Chmerkovskiy","Tango"
"Smooth","Santana feat. Rob Thomas","Amber Glenn & Pasha Pashkov","Cha-cha-cha"
"9 to 5","Dolly Parton","Julia Stiles & Ezra Sosa","Quickstep"
"Are You Gonna Go My Way","Lenny Kravitz","Tyler Cameron & Sharna Burgess","Tango"
"I Like It, I Love It","Tim McGraw","Connor Wood & Rylee Arnold","Cha-cha-cha"
"Venus","Shocking Blue","Giada De Laurentiis & Alan Bersten","Tango"
"Tell Her About It","Billy Joel","Taylor Hanson & Britt Stewart","Quickstep"
"Exhale (Shoop Shoop)","Whitney Houston","Ciara Miller & Brandon Armstrong","Foxtrot"
"Wannabe","Spice Girls","Jackson Olson & Emma Slater","Cha-cha-cha"
"Sk8er Boi","Avril Lavigne","Sarah Jane Nader & Hailey Bills","Jive"
"Whoomp! (There It Is)","Tag Team","Conner Leavitt & Adele Zaikman","Salsa"
"Knock on Wood","Amii Stewart","Tatyana Ali & Jan Ravnik","Jive"
"Mr. Big Stuff","Jean Knight","Guillermo Rodriguez & Witney Carson","Cha-cha-cha"
